Match Number,Round Number,Date,Location,Home Team,Away Team,Result
1,1,15/08/2025 18:00,Estadio Municipal de Montilivi,Girona FC,Rayo Vallecano,1 - 3
2,1,15/08/2025 20:30,Estadio de la Cerámica,Villarreal CF,Real Oviedo,2 - 0
4,1,16/08/2025 18:30,Estadi Mallorca Son Moix,RCD Mallorca,FC Barcelona,0 - 3
3,1,16/08/2025 20:30,Mendizorroza,Deportivo Alavés,Levante UD,2 - 1
5,1,16/08/2025 20:30,Camp de Mestalla,Valencia CF,Real Sociedad,1 - 1
6,1,17/08/2025 16:00,Estadio ABANCA Balaídos,Celta,Getafe CF,0 - 2
7,1,17/08/2025 18:30,Estadio San Mamés,Athletic Club,Sevilla FC,3 - 2
8,1,17/08/2025 20:30,RCDE Stadium,RCD Espanyol de Barcelona,Atlético de Madrid,2 - 1
9,1,18/08/2025 20:00,Estadio Martínez Valero,Elche CF,Real Betis,1 - 1
10,1,19/08/2025 20:00,Estadio Santiago Bernabéu,Real Madrid,CA Osasuna,1 - 0
15,2,22/08/2025 20:30,Estadio Olímpico de la Cartuja,Real Betis,Deportivo Alavés,1 - 0
17,2,23/08/2025 16:00,Estadi Mallorca Son Moix,RCD Mallorca,Celta,1 - 1
12,2,23/08/2025 18:30,Riyadh Air Metropolitano,Atlético de Madrid,Elche CF,1 - 1
16,2,23/08/2025 20:30,Estadio Ciutat de València,Levante UD,FC Barcelona,2 - 3
13,2,24/08/2025 16:00,Estadio El Sadar,CA Osasuna,Valencia CF,1 - 0
18,2,24/08/2025 18:30,Anoeta,Real Sociedad,RCD Espanyol de Barcelona,2 - 2
20,2,24/08/2025 18:30,Estadio de la Cerámica,Villarreal CF,Girona FC,5 - 0
14,2,24/08/2025 20:30,Estadio Carlos Tartiere,Real Oviedo,Real Madrid,0 - 3
11,2,25/08/2025 18:30,Estadio San Mamés,Athletic Club,Rayo Vallecano,1 - 0
19,2,25/08/2025 20:30,Ramón Sánchez-Pizjuán,Sevilla FC,Getafe CF,1 - 2
23,3,29/08/2025 18:30,Estadio Martínez Valero,Elche CF,Levante UD,2 - 0
29,3,29/08/2025 20:30,Camp de Mestalla,Valencia CF,Getafe CF,3 - 0
21,3,30/08/2025 16:00,Mendizorroza,Deportivo Alavés,Atlético de Madrid,1 - 1
26,3,30/08/2025 18:00,Estadio Carlos Tartiere,Real Oviedo,Real Sociedad,1 - 0
25,3,30/08/2025 18:30,Estadio Municipal de Montilivi,Girona FC,Sevilla FC,0 - 2
30,3,30/08/2025 20:30,Estadio Santiago Bernabéu,Real Madrid,RCD Mallorca,2 - 1
22,3,31/08/2025 16:00,Estadio ABANCA Balaídos,Celta,Villarreal CF,1 - 1
27,3,31/08/2025 18:00,Estadio Olímpico de la Cartuja,Real Betis,Athletic Club,1 - 2
24,3,31/08/2025 18:30,RCDE Stadium,RCD Espanyol de Barcelona,CA Osasuna,1 - 0
28,3,31/08/2025 20:30,Estadio de Vallecas,Rayo Vallecano,FC Barcelona,1 - 1
39,4,12/09/2025 20:00,Ramón Sánchez-Pizjuán,Sevilla FC,Elche CF,2 - 2
35,4,13/09/2025 13:00,Coliseum,Getafe CF,Real Oviedo,2 - 0
40,4,13/09/2025 15:15,Anoeta,Real Sociedad,Real Madrid,1 - 2
37,4,13/09/2025 17:30,Estadio San Mamés,Athletic Club,Deportivo Alavés,0 - 1
31,4,13/09/2025 20:00,Riyadh Air Metropolitano,Atlético de Madrid,Villarreal CF,2 - 0
33,4,14/09/2025 13:00,Estadio ABANCA Balaídos,Celta,Girona FC,1 - 1
38,4,14/09/2025 15:15,Estadio Ciutat de València,Levante UD,Real Betis,2 - 2
36,4,14/09/2025 17:30,Estadio El Sadar,CA Osasuna,Rayo Vallecano,2 - 0
32,4,14/09/2025 20:00,Estadi Johan Cruyff,FC Barcelona,Valencia CF,6 - 0
34,4,15/09/2025 20:00,RCDE Stadium,RCD Espanyol de Barcelona,RCD Mallorca,3 - 2
43,5,19/09/2025 20:00,Estadio Olímpico de la Cartuja,Real Betis,Real Sociedad,3 - 1
45,5,20/09/2025 13:00,Estadio Municipal de Montilivi,Girona FC,Levante UD,0 - 4
49,5,20/09/2025 15:15,Estadio Santiago Bernabéu,Real Madrid,RCD Espanyol de Barcelona,2 - 0
41,5,20/09/2025 17:30,Mendizorroza,Deportivo Alavés,Sevilla FC,1 - 2
50,5,20/09/2025 17:30,Estadio de la Cerámica,Villarreal CF,CA Osasuna,2 - 1
46,5,20/09/2025 20:00,Camp de Mestalla,Valencia CF,Athletic Club,2 - 0
48,5,21/09/2025 13:00,Estadio de Vallecas,Rayo Vallecano,Celta,1 - 1
47,5,21/09/2025 15:15,Estadi Mallorca Son Moix,RCD Mallorca,Atlético de Madrid,1 - 1
44,5,21/09/2025 17:15,Estadio Martínez Valero,Elche CF,Real Oviedo,1 - 0
42,5,21/09/2025 20:00,Estadi Johan Cruyff,FC Barcelona,Getafe CF,3 - 0
58,6,27/08/2025 20:00,Estadio ABANCA Balaídos,Celta,Real Betis,1 - 1
51,6,23/09/2025 18:00,Estadio San Mamés,Athletic Club,Girona FC,1 - 1
53,6,23/09/2025 18:00,RCDE Stadium,RCD Espanyol de Barcelona,Valencia CF,2 - 2
54,6,23/09/2025 20:30,Estadio Ciutat de València,Levante UD,Real Madrid,1 - 4
55,6,23/09/2025 20:30,Ramón Sánchez-Pizjuán,Sevilla FC,Villarreal CF,1 - 2
56,6,24/09/2025 18:00,Coliseum,Getafe CF,Deportivo Alavés,1 - 1
52,6,24/09/2025 20:30,Riyadh Air Metropolitano,Atlético de Madrid,Rayo Vallecano,3 - 2
60,6,24/09/2025 20:30,Anoeta,Real Sociedad,RCD Mallorca,1 - 0
59,6,25/09/2025 18:30,Estadio El Sadar,CA Osasuna,Elche CF,1 - 1
57,6,25/09/2025 20:30,Estadio Carlos Tartiere,Real Oviedo,FC Barcelona,1 - 3
69,7,26/09/2025 20:00,Estadio Municipal de Montilivi,Girona FC,RCD Espanyol de Barcelona,0 - 0
64,7,27/09/2025 13:00,Coliseum,Getafe CF,Levante UD,1 - 1
61,7,27/09/2025 15:15,Riyadh Air Metropolitano,Atlético de Madrid,Real Madrid,5 - 2
66,7,27/09/2025 17:30,Estadi Mallorca Son Moix,RCD Mallorca,Deportivo Alavés,1 - 0
67,7,27/09/2025 20:00,Estadio de la Cerámica,Villarreal CF,Athletic Club,1 - 0
65,7,28/09/2025 13:00,Estadio de Vallecas,Rayo Vallecano,Sevilla FC,0 - 1
68,7,28/09/2025 15:15,Estadio Martínez Valero,Elche CF,Celta,2 - 1
62,7,28/09/2025 17:30,Estadi Olímpic Lluís Companys,FC Barcelona,Real Sociedad,2 - 1
63,7,28/09/2025 20:00,Estadio Olímpico de la Cartuja,Real Betis,CA Osasuna,2 - 0
70,7,30/09/2025 19:00,Camp de Mestalla,Valencia CF,Real Oviedo,1 - 2
78,8,03/10/2025 20:00,Estadio El Sadar,CA Osasuna,Getafe CF,2 - 1
79,8,04/10/2025 13:00,Estadio Carlos Tartiere,Real Oviedo,Levante UD,0 - 2
73,8,04/10/2025 15:15,Estadio Municipal de Montilivi,Girona FC,Valencia CF,2 - 1
72,8,04/10/2025 17:30,Estadio San Mamés,Athletic Club,RCD Mallorca,2 - 1
74,8,04/10/2025 20:00,Estadio Santiago Bernabéu,Real Madrid,Villarreal CF,3 - 1
71,8,05/10/2025 13:00,Mendizorroza,Deportivo Alavés,Elche CF,3 - 1
76,8,05/10/2025 15:15,Ramón Sánchez-Pizjuán,Sevilla FC,FC Barcelona,4 - 1
77,8,05/10/2025 17:30,RCDE Stadium,RCD Espanyol de Barcelona,Real Betis,1 - 2
80,8,05/10/2025 17:30,Anoeta,Real Sociedad,Rayo Vallecano,0 - 1
75,8,05/10/2025 20:00,Estadio ABANCA Balaídos,Celta,Atlético de Madrid,1 - 1
89,9,17/10/2025 20:00,Estadio Carlos Tartiere,Real Oviedo,RCD Espanyol de Barcelona,0 - 2
90,9,18/10/2025 13:00,Ramón Sánchez-Pizjuán,Sevilla FC,RCD Mallorca,1 - 3
83,9,18/10/2025 15:15,Estadi Olímpic Lluís Companys,FC Barcelona,Girona FC,2 - 1
88,9,18/10/2025 17:30,Estadio de la Cerámica,Villarreal CF,Real Betis,2 - 2
82,9,18/10/2025 20:00,Riyadh Air Metropolitano,Atlético de Madrid,CA Osasuna,1 - 0
87,9,19/10/2025 13:00,Estadio Martínez Valero,Elche CF,Athletic Club,0 - 0
84,9,19/10/2025 15:15,Estadio ABANCA Balaídos,Celta,Real Sociedad,1 - 1
86,9,19/10/2025 17:30,Estadio Ciutat de València,Levante UD,Rayo Vallecano,0 - 3
85,9,19/10/2025 20:00,Coliseum,Getafe CF,Real Madrid,0 - 1
81,9,20/10/2025 20:00,Mendizorroza,Deportivo Alavés,Valencia CF,0 - 0
93,10,24/10/2025 20:00,Anoeta,Real Sociedad,Sevilla FC,2 - 1
92,10,25/10/2025 13:00,Estadio Municipal de Montilivi,Girona FC,Real Oviedo,3 - 3
99,10,25/10/2025 15:15,RCDE Stadium,RCD Espanyol de Barcelona,Elche CF,1 - 0
91,10,25/10/2025 17:30,Estadio San Mamés,Athletic Club,Getafe CF,0 - 1
94,10,25/10/2025 20:00,Camp de Mestalla,Valencia CF,Villarreal CF,0 - 2
100,10,26/10/2025 13:00,Estadi Mallorca Son Moix,RCD Mallorca,Levante UD,1 - 1
97,10,26/10/2025 15:15,Estadio Santiago Bernabéu,Real Madrid,FC Barcelona,2 - 1
98,10,26/10/2025 17:30,Estadio El Sadar,CA Osasuna,Celta,2 - 3
95,10,26/10/2025 20:00,Estadio de Vallecas,Rayo Vallecano,Deportivo Alavés,1 - 0
96,10,27/10/2025 20:00,Estadio Olímpico de la Cartuja,Real Betis,Atlético de Madrid,0 - 2
105,11,31/10/2025 20:00,Coliseum,Getafe CF,Girona FC,2 - 1
110,11,01/11/2025 13:00,Estadio de la Cerámica,Villarreal CF,Rayo Vallecano,4 - 0
102,11,01/11/2025 15:15,Riyadh Air Metropolitano,Atlético de Madrid,Sevilla FC,3 - 0
107,11,01/11/2025 17:30,Anoeta,Real Sociedad,Athletic Club,3 - 2
106,11,01/11/2025 20:00,Estadio Santiago Bernabéu,Real Madrid,Valencia CF,4 - 0
108,11,02/11/2025 13:00,Estadio Ciutat de València,Levante UD,Celta,
101,11,02/11/2025 15:15,Mendizorroza,Deportivo Alavés,RCD Espanyol de Barcelona,
103,11,02/11/2025 17:30,Estadi Olímpic Lluís Companys,FC Barcelona,Elche CF,
104,11,02/11/2025 20:00,Estadio Olímpico de la Cartuja,Real Betis,RCD Mallorca,
109,11,03/11/2025 20:00,Estadio Carlos Tartiere,Real Oviedo,CA Osasuna,
113,12,08/11/2025 13:00,Estadio Martínez Valero,Elche CF,Real Sociedad,
120,12,08/11/2025 15:15,Ramón Sánchez-Pizjuán,Sevilla FC,CA Osasuna,
112,12,08/11/2025 17:30,Riyadh Air Metropolitano,Atlético de Madrid,Levante UD,
114,12,08/11/2025 20:00,RCDE Stadium,RCD Espanyol de Barcelona,Villarreal CF,
111,12,09/11/2025 13:00,Estadio San Mamés,Athletic Club,Real Oviedo,
115,12,09/11/2025 15:15,Estadio de Vallecas,Rayo Vallecano,Real Madrid,
118,12,09/11/2025 17:30,Camp de Mestalla,Valencia CF,Real Betis,
119,12,09/11/2025 17:30,Estadi Mallorca Son Moix,RCD Mallorca,Getafe CF,
116,12,09/11/2025 20:00,Estadio Municipal de Montilivi,Girona FC,Deportivo Alavés,
117,12,09/11/2025 20:00,Estadio ABANCA Balaídos,Celta,FC Barcelona,
129,13,21/11/2025 20:00,Camp de Mestalla,Valencia CF,Levante UD,
121,13,22/11/2025 13:00,Mendizorroza,Deportivo Alavés,Celta,
127,13,22/11/2025 15:15,TBA,FC Barcelona,Athletic Club,
125,13,22/11/2025 17:30,Estadio El Sadar,CA Osasuna,Real Sociedad,
130,13,22/11/2025 20:00,Estadio de la Cerámica,Villarreal CF,RCD Mallorca,
126,13,23/11/2025 13:00,Estadio Carlos Tartiere,Real Oviedo,Rayo Vallecano,
122,13,23/11/2025 15:15,Estadio Olímpico de la Cartuja,Real Betis,Girona FC,
128,13,23/11/2025 17:30,Coliseum,Getafe CF,Atlético de Madrid,
123,13,23/11/2025 20:00,Estadio Martínez Valero,Elche CF,Real Madrid,
124,13,24/11/2025 20:00,RCDE Stadium,RCD Espanyol de Barcelona,Sevilla FC,
140,14,28/11/2025 20:00,Coliseum,Getafe CF,Elche CF,
134,14,29/11/2025 13:00,Estadi Mallorca Son Moix,RCD Mallorca,CA Osasuna,
137,14,29/11/2025 15:15,TBA,FC Barcelona,Deportivo Alavés,
138,14,29/11/2025 17:30,Estadio Ciutat de València,Levante UD,Athletic Club,
131,14,29/11/2025 20:00,Riyadh Air Metropolitano,Atlético de Madrid,Real Oviedo,
136,14,30/11/2025 13:00,Anoeta,Real Sociedad,Villarreal CF,
139,14,30/11/2025 15:15,Ramón Sánchez-Pizjuán,Sevilla FC,Real Betis,
132,14,30/11/2025 17:30,Estadio ABANCA Balaídos,Celta,RCD Espanyol de Barcelona,
133,14,30/11/2025 20:00,Estadio Municipal de Montilivi,Girona FC,Real Madrid,
135,14,01/12/2025 20:00,Estadio de Vallecas,Rayo Vallecano,Valencia CF,
141,15,07/12/2025 20:00,Mendizorroza,Deportivo Alavés,Real Sociedad,
142,15,07/12/2025 20:00,Estadio San Mamés,Athletic Club,Atlético de Madrid,
143,15,07/12/2025 20:00,Estadio Martínez Valero,Elche CF,Girona FC,
144,15,07/12/2025 20:00,RCDE Stadium,RCD Espanyol de Barcelona,Rayo Vallecano,
145,15,07/12/2025 20:00,Estadio Olímpico de la Cartuja,Real Betis,FC Barcelona,
146,15,07/12/2025 20:00,Estadio Santiago Bernabéu,Real Madrid,Celta,
147,15,07/12/2025 20:00,Estadio de la Cerámica,Villarreal CF,Getafe CF,
148,15,07/12/2025 20:00,Estadio El Sadar,CA Osasuna,Levante UD,
149,15,07/12/2025 20:00,Estadio Carlos Tartiere,Real Oviedo,RCD Mallorca,
150,15,07/12/2025 20:00,Camp de Mestalla,Valencia CF,Sevilla FC,
151,16,14/12/2025 20:00,Mendizorroza,Deportivo Alavés,Real Madrid,
152,16,14/12/2025 20:00,Riyadh Air Metropolitano,Atlético de Madrid,Valencia CF,
153,16,14/12/2025 20:00,TBA,FC Barcelona,CA Osasuna,
154,16,14/12/2025 20:00,Estadio Ciutat de València,Levante UD,Villarreal CF,
155,16,14/12/2025 20:00,Estadio ABANCA Balaídos,Celta,Athletic Club,
156,16,14/12/2025 20:00,Estadio de Vallecas,Rayo Vallecano,Real Betis,
157,16,14/12/2025 20:00,Estadi Mallorca Son Moix,RCD Mallorca,Elche CF,
158,16,14/12/2025 20:00,Coliseum,Getafe CF,RCD Espanyol de Barcelona,
159,16,14/12/2025 20:00,Anoeta,Real Sociedad,Girona FC,
160,16,14/12/2025 20:00,Ramón Sánchez-Pizjuán,Sevilla FC,Real Oviedo,
161,17,21/12/2025 20:00,Estadio San Mamés,Athletic Club,RCD Espanyol de Barcelona,
162,17,21/12/2025 20:00,Estadio Olímpico de la Cartuja,Real Betis,Getafe CF,
163,17,21/12/2025 20:00,Estadio Martínez Valero,Elche CF,Rayo Vallecano,
164,17,21/12/2025 20:00,Estadio Ciutat de València,Levante UD,Real Sociedad,
165,17,21/12/2025 20:00,Estadio Santiago Bernabéu,Real Madrid,Sevilla FC,
166,17,21/12/2025 20:00,Estadio El Sadar,CA Osasuna,Deportivo Alavés,
167,17,21/12/2025 20:00,Estadio Municipal de Montilivi,Girona FC,Atlético de Madrid,
168,17,21/12/2025 20:00,Estadio de la Cerámica,Villarreal CF,FC Barcelona,
169,17,21/12/2025 20:00,Estadio Carlos Tartiere,Real Oviedo,Celta,
170,17,21/12/2025 20:00,Camp de Mestalla,Valencia CF,RCD Mallorca,
171,18,04/01/2026 20:00,Mendizorroza,Deportivo Alavés,Real Oviedo,
172,18,04/01/2026 20:00,Estadio ABANCA Balaídos,Celta,Valencia CF,
173,18,04/01/2026 20:00,Estadio Martínez Valero,Elche CF,Villarreal CF,
174,18,04/01/2026 20:00,Estadio El Sadar,CA Osasuna,Athletic Club,
175,18,04/01/2026 20:00,Anoeta,Real Sociedad,Atlético de Madrid,
176,18,04/01/2026 20:00,RCDE Stadium,RCD Espanyol de Barcelona,FC Barcelona,
177,18,04/01/2026 20:00,Estadio Santiago Bernabéu,Real Madrid,Real Betis,
178,18,04/01/2026 20:00,Estadio de Vallecas,Rayo Vallecano,Getafe CF,
179,18,04/01/2026 20:00,Estadi Mallorca Son Moix,RCD Mallorca,Girona FC,
180,18,04/01/2026 20:00,Ramón Sánchez-Pizjuán,Sevilla FC,Levante UD,
185,19,02/12/2025 20:00,TBA,FC Barcelona,Atlético de Madrid,
181,19,03/12/2025 18:00,Estadio San Mamés,Athletic Club,Real Madrid,
182,19,11/01/2026 20:00,Coliseum,Getafe CF,Real Sociedad,
183,19,11/01/2026 20:00,Estadio Municipal de Montilivi,Girona FC,CA Osasuna,
184,19,11/01/2026 20:00,Estadio de la Cerámica,Villarreal CF,Deportivo Alavés,
186,19,11/01/2026 20:00,Estadio Carlos Tartiere,Real Oviedo,Real Betis,
187,19,11/01/2026 20:00,Ramón Sánchez-Pizjuán,Sevilla FC,Celta,
188,19,11/01/2026 20:00,Camp de Mestalla,Valencia CF,Elche CF,
189,19,11/01/2026 20:00,Estadio Ciutat de València,Levante UD,RCD Espanyol de Barcelona,
190,19,11/01/2026 20:00,Estadio de Vallecas,Rayo Vallecano,RCD Mallorca,
191,20,18/01/2026 20:00,Estadio Olímpico de la Cartuja,Real Betis,Villarreal CF,
192,20,18/01/2026 20:00,Estadio ABANCA Balaídos,Celta,Rayo Vallecano,
193,20,18/01/2026 20:00,Estadio Martínez Valero,Elche CF,Sevilla FC,
194,20,18/01/2026 20:00,RCDE Stadium,RCD Espanyol de Barcelona,Girona FC,
195,20,18/01/2026 20:00,Coliseum,Getafe CF,Valencia CF,
196,20,18/01/2026 20:00,Estadio El Sadar,CA Osasuna,Real Oviedo,
197,20,18/01/2026 20:00,Riyadh Air Metropolitano,Atlético de Madrid,Deportivo Alavés,
198,20,18/01/2026 20:00,Estadi Mallorca Son Moix,RCD Mallorca,Athletic Club,
199,20,18/01/2026 20:00,Anoeta,Real Sociedad,FC Barcelona,
200,20,18/01/2026 20:00,Estadio Santiago Bernabéu,Real Madrid,Levante UD,
201,21,25/01/2026 20:00,Mendizorroza,Deportivo Alavés,Real Betis,
202,21,25/01/2026 20:00,Riyadh Air Metropolitano,Atlético de Madrid,RCD Mallorca,
203,21,25/01/2026 20:00,TBA,FC Barcelona,Real Oviedo,
204,21,25/01/2026 20:00,Ramón Sánchez-Pizjuán,Sevilla FC,Athletic Club,
205,21,25/01/2026 20:00,Anoeta,Real Sociedad,Celta,
206,21,25/01/2026 20:00,Estadio Ciutat de València,Levante UD,Elche CF,
207,21,25/01/2026 20:00,Camp de Mestalla,Valencia CF,RCD Espanyol de Barcelona,
208,21,25/01/2026 20:00,Estadio Municipal de Montilivi,Girona FC,Getafe CF,
209,21,25/01/2026 20:00,Estadio de Vallecas,Rayo Vallecano,CA Osasuna,
210,21,25/01/2026 20:00,Estadio de la Cerámica,Villarreal CF,Real Madrid,
211,22,01/02/2026 20:00,Estadio San Mamés,Athletic Club,Real Sociedad,
212,22,01/02/2026 20:00,Estadio Olímpico de la Cartuja,Real Betis,Valencia CF,
213,22,01/02/2026 20:00,Estadi Mallorca Son Moix,RCD Mallorca,Sevilla FC,
214,22,01/02/2026 20:00,Estadio El Sadar,CA Osasuna,Villarreal CF,
215,22,01/02/2026 20:00,RCDE Stadium,RCD Espanyol de Barcelona,Deportivo Alavés,
216,22,01/02/2026 20:00,Estadio Ciutat de València,Levante UD,Atlético de Madrid,
217,22,01/02/2026 20:00,Estadio Martínez Valero,Elche CF,FC Barcelona,
218,22,01/02/2026 20:00,Coliseum,Getafe CF,Celta,
219,22,01/02/2026 20:00,Estadio Carlos Tartiere,Real Oviedo,Girona FC,
220,22,01/02/2026 20:00,Estadio Santiago Bernabéu,Real Madrid,Rayo Vallecano,
221,23,08/02/2026 20:00,Mendizorroza,Deportivo Alavés,Getafe CF,
222,23,08/02/2026 20:00,Estadio San Mamés,Athletic Club,Levante UD,
223,23,08/02/2026 20:00,Riyadh Air Metropolitano,Atlético de Madrid,Real Betis,
224,23,08/02/2026 20:00,TBA,FC Barcelona,RCD Mallorca,
225,23,08/02/2026 20:00,Estadio ABANCA Balaídos,Celta,CA Osasuna,
226,23,08/02/2026 20:00,Anoeta,Real Sociedad,Elche CF,
227,23,08/02/2026 20:00,Estadio de la Cerámica,Villarreal CF,RCD Espanyol de Barcelona,
228,23,08/02/2026 20:00,Ramón Sánchez-Pizjuán,Sevilla FC,Girona FC,
229,23,08/02/2026 20:00,Camp de Mestalla,Valencia CF,Real Madrid,
230,23,08/02/2026 20:00,Estadio de Vallecas,Rayo Vallecano,Real Oviedo,
231,24,15/02/2026 20:00,Estadio Martínez Valero,Elche CF,CA Osasuna,
232,24,15/02/2026 20:00,Coliseum,Getafe CF,Villarreal CF,
233,24,15/02/2026 20:00,Estadio Ciutat de València,Levante UD,Valencia CF,
234,24,15/02/2026 20:00,Estadio Santiago Bernabéu,Real Madrid,Real Sociedad,
235,24,15/02/2026 20:00,Ramón Sánchez-Pizjuán,Sevilla FC,Deportivo Alavés,
236,24,15/02/2026 20:00,Estadio Carlos Tartiere,Real Oviedo,Athletic Club,
237,24,15/02/2026 20:00,Estadio de Vallecas,Rayo Vallecano,Atlético de Madrid,
238,24,15/02/2026 20:00,Estadio Municipal de Montilivi,Girona FC,FC Barcelona,
239,24,15/02/2026 20:00,Estadi Mallorca Son Moix,RCD Mallorca,Real Betis,
240,24,15/02/2026 20:00,RCDE Stadium,RCD Espanyol de Barcelona,Celta,
241,25,22/02/2026 20:00,Mendizorroza,Deportivo Alavés,Girona FC,
242,25,22/02/2026 20:00,Estadio San Mamés,Athletic Club,Elche CF,
243,25,22/02/2026 20:00,Riyadh Air Metropolitano,Atlético de Madrid,RCD Espanyol de Barcelona,
244,25,22/02/2026 20:00,TBA,FC Barcelona,Levante UD,
245,25,22/02/2026 20:00,Estadio Olímpico de la Cartuja,Real Betis,Rayo Vallecano,
246,25,22/02/2026 20:00,Estadio ABANCA Balaídos,Celta,RCD Mallorca,
247,25,22/02/2026 20:00,Coliseum,Getafe CF,Sevilla FC,
248,25,22/02/2026 20:00,Estadio El Sadar,CA Osasuna,Real Madrid,
249,25,22/02/2026 20:00,Estadio de la Cerámica,Villarreal CF,Valencia CF,
250,25,22/02/2026 20:00,Anoeta,Real Sociedad,Real Oviedo,
251,26,01/03/2026 20:00,TBA,FC Barcelona,Villarreal CF,
252,26,01/03/2026 20:00,Estadio Olímpico de la Cartuja,Real Betis,Sevilla FC,
253,26,01/03/2026 20:00,Estadio Martínez Valero,Elche CF,RCD Espanyol de Barcelona,
254,26,01/03/2026 20:00,Estadi Mallorca Son Moix,RCD Mallorca,Real Sociedad,
255,26,01/03/2026 20:00,Estadio Ciutat de València,Levante UD,Deportivo Alavés,
256,26,01/03/2026 20:00,Estadio de Vallecas,Rayo Vallecano,Athletic Club,
257,26,01/03/2026 20:00,Estadio Carlos Tartiere,Real Oviedo,Atlético de Madrid,
258,26,01/03/2026 20:00,Estadio Municipal de Montilivi,Girona FC,Celta,
259,26,01/03/2026 20:00,Estadio Santiago Bernabéu,Real Madrid,Getafe CF,
260,26,01/03/2026 20:00,Camp de Mestalla,Valencia CF,CA Osasuna,
261,27,08/03/2026 20:00,Estadio San Mamés,Athletic Club,FC Barcelona,
262,27,08/03/2026 20:00,Riyadh Air Metropolitano,Atlético de Madrid,Real Sociedad,
263,27,08/03/2026 20:00,Estadio ABANCA Balaídos,Celta,Real Madrid,
264,27,08/03/2026 20:00,RCDE Stadium,RCD Espanyol de Barcelona,Real Oviedo,
265,27,08/03/2026 20:00,Camp de Mestalla,Valencia CF,Deportivo Alavés,
266,27,08/03/2026 20:00,Coliseum,Getafe CF,Real Betis,
267,27,08/03/2026 20:00,Estadio de la Cerámica,Villarreal CF,Elche CF,
268,27,08/03/2026 20:00,Estadio Ciutat de València,Levante UD,Girona FC,
269,27,08/03/2026 20:00,Estadio El Sadar,CA Osasuna,RCD Mallorca,
270,27,08/03/2026 20:00,Ramón Sánchez-Pizjuán,Sevilla FC,Rayo Vallecano,
271,28,15/03/2026 20:00,Mendizorroza,Deportivo Alavés,Villarreal CF,
272,28,15/03/2026 20:00,Riyadh Air Metropolitano,Atlético de Madrid,Getafe CF,
273,28,15/03/2026 20:00,TBA,FC Barcelona,Sevilla FC,
274,28,15/03/2026 20:00,Estadio Olímpico de la Cartuja,Real Betis,Celta,
275,28,15/03/2026 20:00,Estadio Carlos Tartiere,Real Oviedo,Valencia CF,
276,28,15/03/2026 20:00,Estadio Municipal de Montilivi,Girona FC,Athletic Club,
277,28,15/03/2026 20:00,Estadio Santiago Bernabéu,Real Madrid,Elche CF,
278,28,15/03/2026 20:00,Estadi Mallorca Son Moix,RCD Mallorca,RCD Espanyol de Barcelona,
279,28,15/03/2026 20:00,Estadio de Vallecas,Rayo Vallecano,Levante UD,
280,28,15/03/2026 20:00,Anoeta,Real Sociedad,CA Osasuna,
281,29,22/03/2026 20:00,Estadio San Mamés,Athletic Club,Real Betis,
282,29,22/03/2026 20:00,TBA,FC Barcelona,Rayo Vallecano,
283,29,22/03/2026 20:00,Estadio Martínez Valero,Elche CF,RCD Mallorca,
284,29,22/03/2026 20:00,RCDE Stadium,RCD Espanyol de Barcelona,Getafe CF,
285,29,22/03/2026 20:00,Estadio Ciutat de València,Levante UD,Real Oviedo,
286,29,22/03/2026 20:00,Ramón Sánchez-Pizjuán,Sevilla FC,Valencia CF,
287,29,22/03/2026 20:00,Estadio ABANCA Balaídos,Celta,Deportivo Alavés,
288,29,22/03/2026 20:00,Estadio Santiago Bernabéu,Real Madrid,Atlético de Madrid,
289,29,22/03/2026 20:00,Estadio El Sadar,CA Osasuna,Girona FC,
290,29,22/03/2026 20:00,Estadio de la Cerámica,Villarreal CF,Real Sociedad,
291,30,05/04/2026 20:00,Mendizorroza,Deportivo Alavés,CA Osasuna,
292,30,05/04/2026 20:00,Riyadh Air Metropolitano,Atlético de Madrid,FC Barcelona,
293,30,05/04/2026 20:00,Estadio Olímpico de la Cartuja,Real Betis,RCD Espanyol de Barcelona,
294,30,05/04/2026 20:00,Estadio Municipal de Montilivi,Girona FC,Villarreal CF,
295,30,05/04/2026 20:00,Estadi Mallorca Son Moix,RCD Mallorca,Real Madrid,
296,30,05/04/2026 20:00,Estadio Carlos Tartiere,Real Oviedo,Sevilla FC,
297,30,05/04/2026 20:00,Coliseum,Getafe CF,Athletic Club,
298,30,05/04/2026 20:00,Camp de Mestalla,Valencia CF,Celta,
299,30,05/04/2026 20:00,Estadio de Vallecas,Rayo Vallecano,Elche CF,
300,30,05/04/2026 20:00,Anoeta,Real Sociedad,Levante UD,
301,31,12/04/2026 20:00,Estadio San Mamés,Athletic Club,Villarreal CF,
302,31,12/04/2026 20:00,TBA,FC Barcelona,RCD Espanyol de Barcelona,
303,31,12/04/2026 20:00,Estadio ABANCA Balaídos,Celta,Real Oviedo,
304,31,12/04/2026 20:00,Estadio Martínez Valero,Elche CF,Valencia CF,
305,31,12/04/2026 20:00,Estadi Mallorca Son Moix,RCD Mallorca,Rayo Vallecano,
306,31,12/04/2026 20:00,Anoeta,Real Sociedad,Deportivo Alavés,
307,31,12/04/2026 20:00,Ramón Sánchez-Pizjuán,Sevilla FC,Atlético de Madrid,
308,31,12/04/2026 20:00,Estadio El Sadar,CA Osasuna,Real Betis,
309,31,12/04/2026 20:00,Estadio Ciutat de València,Levante UD,Getafe CF,
310,31,12/04/2026 20:00,Estadio Santiago Bernabéu,Real Madrid,Girona FC,
311,32,19/04/2026 20:00,Mendizorroza,Deportivo Alavés,RCD Mallorca,
312,32,19/04/2026 20:00,Estadio Olímpico de la Cartuja,Real Betis,Real Madrid,
313,32,19/04/2026 20:00,RCDE Stadium,RCD Espanyol de Barcelona,Levante UD,
314,32,19/04/2026 20:00,Estadio El Sadar,CA Osasuna,Sevilla FC,
315,32,19/04/2026 20:00,Estadio de Vallecas,Rayo Vallecano,Real Sociedad,
316,32,19/04/2026 20:00,Riyadh Air Metropolitano,Atlético de Madrid,Athletic Club,
317,32,19/04/2026 20:00,Coliseum,Getafe CF,FC Barcelona,
318,32,19/04/2026 20:00,Estadio de la Cerámica,Villarreal CF,Celta,
319,32,19/04/2026 20:00,Estadio Carlos Tartiere,Real Oviedo,Elche CF,
320,32,19/04/2026 20:00,Camp de Mestalla,Valencia CF,Girona FC,
321,33,22/04/2026 20:00,Estadio San Mamés,Athletic Club,CA Osasuna,
322,33,22/04/2026 20:00,TBA,FC Barcelona,Celta,
323,33,22/04/2026 20:00,Estadio Ciutat de València,Levante UD,Sevilla FC,
324,33,22/04/2026 20:00,Estadi Mallorca Son Moix,RCD Mallorca,Valencia CF,
325,33,22/04/2026 20:00,Estadio Carlos Tartiere,Real Oviedo,Villarreal CF,
326,33,22/04/2026 20:00,Estadio Santiago Bernabéu,Real Madrid,Deportivo Alavés,
327,33,22/04/2026 20:00,Estadio Martínez Valero,Elche CF,Atlético de Madrid,
328,33,22/04/2026 20:00,Estadio Municipal de Montilivi,Girona FC,Real Betis,
329,33,22/04/2026 20:00,Estadio de Vallecas,Rayo Vallecano,RCD Espanyol de Barcelona,
330,33,22/04/2026 20:00,Anoeta,Real Sociedad,Getafe CF,
331,34,03/05/2026 20:00,Mendizorroza,Deportivo Alavés,Athletic Club,
332,34,03/05/2026 20:00,Estadio Olímpico de la Cartuja,Real Betis,Real Oviedo,
333,34,03/05/2026 20:00,Estadio ABANCA Balaídos,Celta,Elche CF,
334,34,03/05/2026 20:00,RCDE Stadium,RCD Espanyol de Barcelona,Real Madrid,
335,34,03/05/2026 20:00,Coliseum,Getafe CF,Rayo Vallecano,
336,34,03/05/2026 20:00,Estadio Municipal de Montilivi,Girona FC,RCD Mallorca,
337,34,03/05/2026 20:00,Camp de Mestalla,Valencia CF,Atlético de Madrid,
338,34,03/05/2026 20:00,Estadio El Sadar,CA Osasuna,FC Barcelona,
339,34,03/05/2026 20:00,Estadio de la Cerámica,Villarreal CF,Levante UD,
340,34,03/05/2026 20:00,Ramón Sánchez-Pizjuán,Sevilla FC,Real Sociedad,
341,35,10/05/2026 20:00,Estadio San Mamés,Athletic Club,Valencia CF,
342,35,10/05/2026 20:00,Riyadh Air Metropolitano,Atlético de Madrid,Celta,
343,35,10/05/2026 20:00,TBA,FC Barcelona,Real Madrid,
344,35,10/05/2026 20:00,Estadio Ciutat de València,Levante UD,CA Osasuna,
345,35,10/05/2026 20:00,Estadi Mallorca Son Moix,RCD Mallorca,Villarreal CF,
346,35,10/05/2026 20:00,Estadio Martínez Valero,Elche CF,Deportivo Alavés,
347,35,10/05/2026 20:00,Anoeta,Real Sociedad,Real Betis,
348,35,10/05/2026 20:00,Ramón Sánchez-Pizjuán,Sevilla FC,RCD Espanyol de Barcelona,
349,35,10/05/2026 20:00,Estadio Carlos Tartiere,Real Oviedo,Getafe CF,
350,35,10/05/2026 20:00,Estadio de Vallecas,Rayo Vallecano,Girona FC,
351,36,13/05/2026 20:00,Mendizorroza,Deportivo Alavés,FC Barcelona,
352,36,13/05/2026 20:00,Estadio Olímpico de la Cartuja,Real Betis,Elche CF,
353,36,13/05/2026 20:00,Estadio ABANCA Balaídos,Celta,Levante UD,
354,36,13/05/2026 20:00,Coliseum,Getafe CF,RCD Mallorca,
355,36,13/05/2026 20:00,Estadio Municipal de Montilivi,Girona FC,Real Sociedad,
356,36,13/05/2026 20:00,RCDE Stadium,RCD Espanyol de Barcelona,Athletic Club,
357,36,13/05/2026 20:00,Estadio El Sadar,CA Osasuna,Atlético de Madrid,
358,36,13/05/2026 20:00,Camp de Mestalla,Valencia CF,Rayo Vallecano,
359,36,13/05/2026 20:00,Estadio de la Cerámica,Villarreal CF,Sevilla FC,
360,36,13/05/2026 20:00,Estadio Santiago Bernabéu,Real Madrid,Real Oviedo,
361,37,17/05/2026 20:00,Estadio San Mamés,Athletic Club,Celta,
362,37,17/05/2026 20:00,Riyadh Air Metropolitano,Atlético de Madrid,Girona FC,
363,37,17/05/2026 20:00,TBA,FC Barcelona,Real Betis,
364,37,17/05/2026 20:00,Estadio Martínez Valero,Elche CF,Getafe CF,
365,37,17/05/2026 20:00,Estadio Ciutat de València,Levante UD,RCD Mallorca,
366,37,17/05/2026 20:00,Estadio de Vallecas,Rayo Vallecano,Villarreal CF,
367,37,17/05/2026 20:00,Anoeta,Real Sociedad,Valencia CF,
368,37,17/05/2026 20:00,Estadio Carlos Tartiere,Real Oviedo,Deportivo Alavés,
369,37,17/05/2026 20:00,Estadio El Sadar,CA Osasuna,RCD Espanyol de Barcelona,
370,37,17/05/2026 20:00,Ramón Sánchez-Pizjuán,Sevilla FC,Real Madrid,
371,38,24/05/2026 20:00,Mendizorroza,Deportivo Alavés,Rayo Vallecano,
372,38,24/05/2026 20:00,Estadio Olímpico de la Cartuja,Real Betis,Levante UD,
373,38,24/05/2026 20:00,Estadio ABANCA Balaídos,Celta,Sevilla FC,
374,38,24/05/2026 20:00,RCDE Stadium,RCD Espanyol de Barcelona,Real Sociedad,
375,38,24/05/2026 20:00,Coliseum,Getafe CF,CA Osasuna,
376,38,24/05/2026 20:00,Estadi Mallorca Son Moix,RCD Mallorca,Real Oviedo,
377,38,24/05/2026 20:00,Estadio Santiago Bernabéu,Real Madrid,Athletic Club,
378,38,24/05/2026 20:00,Estadio de la Cerámica,Villarreal CF,Atlético de Madrid,
379,38,24/05/2026 20:00,Camp de Mestalla,Valencia CF,FC Barcelona,
380,38,24/05/2026 20:00,Estadio Municipal de Montilivi,Girona FC,Elche CF,
